<?xml version="1.0" encoding="UTF-8"?>
<project-private xmlns="http://www.netbeans.org/ns/project-private/1">
    <editor-bookmarks xmlns="http://www.netbeans.org/ns/editor-bookmarks/2" lastBookmarkId="0"/>
    <open-files xmlns="http://www.netbeans.org/ns/projectui-open-files/2">
        <group>
            <file>file:/C:/Users/Katarina/Documents/int_api/nbproject/build-impl.xml</file>
            <file>file:/C:/Users/Katarina/Documents/int_api/web/WEB-INF/index.jsp</file>
            <file>file:/C:/Users/Katarina/Documents/int_api/src/java/hr/algebra/service/UserService.java</file>
            <file>file:/C:/Users/Katarina/Documents/int_api/src/java/hr/algebra/Interim.java</file>
            <file>file:/C:/Users/Katarina/Documents/int_api/src/java/hr/algebra/ApplicationConfig.java</file>
            <file>file:/C:/Users/Katarina/Documents/int_api/web/index.html</file>
            <file>file:/C:/Users/Katarina/Documents/int_api/src/conf/MANIFEST.MF</file>
            <file>file:/C:/Users/Katarina/Documents/int_api/src/java/hr/algebra/dal/DataSourceSingleton.java</file>
            <file>file:/C:/Users/Katarina/Documents/int_api/web/META-INF/context.xml</file>
        </group>
    </open-files>
</project-private>
